"Symbol","Date","Close","52Hi","MktCap","Delta ErnQ1","Delta RevQ1","RevQ1","ErnQ1","Zax","Ind","Delta ErnQ2","Delta ErnF1","Delta EarnF2","PE F1","PE Ind","P/S","ESP","Avg Vol","Short"
"CMCSA","1/24/18","40.41","42.18","182840","5.75","3.91","21850","0.48","3","222","0.86","17.96","6.78","18.74","83.1","2.3","-0.71","20001940","2.55"
"CNX","1/30/18","15.24","19.76","3210","N/A","-25.54","344.00","-0.06","5","69","23.53","130.49","246.00","34.84","-8.3","1.25","0.00","3144077","1.98"
"COF","1/23/18","99.44","101.43","45600","26.33","8.22","7110","1.83","3","107","19.43","8.08","13.37","11.73","9.5","1.72","-1.19","1682260","2.65"
"COP","2/1/18","56.34","56.37","62540","257.69","3.71","7520","0.41","3","42","3400.00","121.43","209.75","31.33","58","2.13","-20.73","4817983","3.94"
"COST","3/1/18","190.58","195.35","81510","21.37","9.27","32530","1.42","3","92","12.94","12.73","8.20","28.70","18.5","0.62","0.14","2517764","5.37"
"COTY","2/8/18","19.77","20.88","14650","-20.74","7.81","2480","0.24","3","107","2.50","7.76","36.99","29.28","22.7","1.69","2.62","3908849","7.77"
"CREE","1/23/18","37.89","40.24","3730","-92.86","0.85","349.90","0.01","3","42","-33.33","-72.86","295.45","281.03","-36.6","2.66","5.00","1120781","4.13"
"CRM","2/27/18","105.29","109.19","75290","18.28","22.53","2810","0.33","3","202","31.67","31.85","28.17","78.41","56.3","7.6","0.00","3424962","N/A"
"CSCO","2/21/18","39.17","39.00","187360","3.91","1.97","11810","0.59","3","71","2.88","2.75","5.23","15.82","20.7","4.02","-0.39","15677150","2.72"
"CSX","1/16/18","57.05","58.35","51220","14.49","-4.34","2910","0.56","3","107","13.73","22.35","21.10","21.01","20.7","4.35","1.31","8956844","2.71"
"CTIC","3/1/18","2.72","6.48","107.85","-87.50","-96.72","0.30","-0.30","3","107","N/A","13.04","-25.83","N/A","-8","3.43","0.00","123922","2.25"
"CVS","2/8/18","73.20","84.72","71720","11.25","3.44","47550","1.90","3","75","4.73","0.97","6.45","11.71","7.9","0.41","0.23","8022369","2.57"
"CVX","1/26/18","128.51","127.74","227030","468.82","16.24","36610","1.25","3","20","-2.60","333.29","23.08","23.92","23","1.79","-2.51","4615467","4.11"
"CX","2/8/18","7.87","10.37","10920","N/A","N/A","N/A","N/A","4","192","N/A","11.35","25.48","11.79","19.8","0.84","0.00","8917814","1.41"
"DAL","1/11/18","55.69","56.84","39390","10.03","7.52","10170","0.90","3","84","8.57","-8.06","11.93","10.36","11.7","1","-0.66","5963152","1.56"
"DB","3/19/18","19.16","20.23","39740","N/A","N/A","N/A","N/A","3","106","N/A","N/A","N/A","11.79","15.4","0.93","0.00","2673831","9.28"
"DD","N/A","N/A","N/A","N/A","N/A","N/A","N/A","N/A","N/A","N/A","N/A","N/A","N/A","N/A","N/A","N/A","N/A","N/A","N/A"
"DDD","2/27/18","9.31","23.70","1140","-86.67","-1.45","163.54","0.02","3","59","-70.00","-109.63","509.27","49.99","3.6","1.63","0.00","2634272","9.56"
"DE","2/16/18","158.73","159.10","48010","78.69","36.26","6400","1.09","1","55","9.55","18.86","19.88","19.90","17.4","1.71","18.35","1530997","6.42"
"DHI","1/31/18","52.86","51.83","18880","10.91","12.86","3280","0.61","3","165","15.67","17.42","14.56","15.87","16.5","1.36","1.64","2913839","N/A"
"DIA","N/A","248.95","N/A","N/A","N/A","N/A","N/A","N/A","2","N/A","N/A","N/A","N/A","N/A","N/A","N/A","N/A","N/A","N/A"
"DIS","2/6/18","112.28","116.10","167000","2.39","2.76","15190","1.59","3","107","6.45","9.25","4.59","17.95","-4.2","3.06","-0.03","8748579","2.93"
"DJX","N/A","N/A","N/A","N/A","N/A","N/A","N/A","N/A","N/A","N/A","N/A","N/A","N/A","N/A","N/A","N/A","N/A","N/A","N/A"
"DO","2/12/18","19.77","19.96","2280","-96.90","-11.77","345.74","0.03","3","107","-102.21","-49.47","-94.60","406.53","-11.2","1.73","-62.07","1229075","11.78"
"DOW","N/A","N/A","N/A","N/A","N/A","N/A","N/A","N/A","N/A","N/A","N/A","N/A","N/A","N/A","N/A","N/A","N/A","N/A","N/A"
"DVN","2/13/18","42.72","49.45","19950","144.40","6.70","3570","0.61","3","69","58.05","478.48","32.06","17.83","-8.3","1.66","-9.57","3927902","2.06"
"DXJ","N/A","60.42","N/A","N/A","N/A","N/A","N/A","N/A","1","N/A","N/A","N/A","N/A","N/A","N/A","N/A","N/A","N/A","N/A"
"EA","1/30/18","109.75","122.79","32770","-14.19","-2.14","2029.9999999999998","2.21","4","107","56.06","23.37","17.73","25.71","2","6.63","-1.22","2951193","0"
"EBAY","1/24/18","39.22","39.28","39280","8.39","8.93","2610","0.59","3","202","5.54","6.47","11.07","17.12","67.6","4.25","0.00","6682447","2.55"
"EOG","2/26/18","110.93","109.66","57610","4850.00","28.69","3090","0.48","3","69","396.00","154.71","171.90","45.64","-8.3","6.15","-4.21","2019295","3.46"
"ESRX","2/13/18","75.66","76.02","39090","10.71","1.06","25130","2.08","3","190","15.92","10.00","10.01","9.73","12.6","0.43","0.33","3457637","7.54"
"ETE","2/28/18","17.82","20.05","18020","48.30","12.94","12200","0.31","3","169","-1.74","7.39","76.69","10.16","-136.5","0.47","-0.46","4858705","8.89"
"ETFC","1/25/18","50.62","51.04","12980","37.54","21.43","618.07","0.59","2","38","20.00","22.43","15.74","19.00","24.8","5.97","2.29","2074309","2.22"
"F","1/25/18","12.76","13.27","49490","45.24","3.19","37150","0.44","3","80","11.11","2.84","-15.90","8.32","9.4","0.33","2.13","24027678","0"
"FB","2/7/18","184.67","184.25","518370","37.84","42.62","12560","1.94","2","206","-0.51","37.60","12.48","27.71","-45.5","14.45","3.42","13520827","1.32"
"FCX","1/24/18","19.47","19.79","23440","76.50","3.57","4530","0.44","2","40","251.11","372.48","56.64","11.61","-16.3","1.82","5.76","18522002","2.1"
"FDX","3/20/18","260.82","257.60","63950","21.35","7.48","16120.000000000002","2.85","2","247","1.79","4.70","19.02","20.00","-15.7","1.11","0.00","1657638","N/A"
"FEYE","2/1/18","14.89","18.00","2640","55.56","4.82","193.61","-0.01","4","169","53.09","82.23","94.31","N/A","-24.2","3.67","0.00","2304413","5.46"
"FFIV","1/24/18","134.04","149.50","8150","3.15","1.16","521.96","2.04","3","100","7.54","3.10","5.67","15.35","16.1","3.97","0.00","575406","4.14"
"FH","1/4/18","1.44","2.60","29.73","50.00","723.58","20.26","-0.12","4","100","76.47","39.24","73.96","N/A","16.1","0.75","0.00","885380","15.1"
"FIS","2/6/18","94.23","96.67","31250","17.75","-3.11","2370","1.34","3","164","15.58","15.41","9.92","19.34","19.8","3.39","-0.73","1275260","1.92"
"FIT","2/28/18","6.13","8.40","1400","99.60","2.72","589.38","-0.00","3","84","37.78","-107.41","65.62","N/A","22.5","0.76","0.00","4637062","6.77"
"FITB","1/23/18","30.52","31.83","20930","-0.17","3.31","1580","0.48","3","32","16.67","39.70","-23.73","14.95","16.5","2.66","0.80","6294157","2.63"
"FLEX","1/25/18","18.41","19.12","9420","-11.18","6.15","6490","0.30","3","107","0.00","-6.15","28.78","16.60","14.7","0.4","0.00","1970343","3.95"
"FSLR","2/20/18","69.80","71.80","7090","-125.54","-9.72","433.75","-0.32","2","16","-114.67","-51.23","-40.96","47.31","8.5","2.39","-3.76","1869120","1.95"
"GE","1/24/18","18.15","31.83","152980","-36.59","-1.19","32689.999999999996","0.29","5","100","2.38","-28.54","-2.05","17.24","28.3","1.26","6.28","54855348","1.15"
"GFI","2/15/18","4.39","4.70","3120","N/A","N/A","N/A","N/A","2","57","N/A","N/A","N/A","31.57","N/A","N/A","0.00","4289525","0"
"GG","2/21/18","13.33","17.87","10770","-5.00","-0.73","891.47","0.11","3","57","-26.67","38.17","24.32","24.83","26.4","3.31","-7.90","6915510","1.24"
"GGP","1/29/18","23.58","26.21","22150","94.64","5.97","646.75","0.47","3","228","231.82","18.10","0.87","14.87","17.3","9.83","-0.46","5598913","4.7"
"GILD","2/6/18","74.66","86.27","97110","-37.33","-21.64","5740","1.69","3","160","-18.21","-24.70","-21.37","10.82","-8.8","3.52","-8.16","6958270","2.14"
"GIS","3/20/18","58.72","63.73","31900","5.03","2.15","3870","0.76","3","192","14.09","1.36","4.42","18.91","58.6","2.16","0.00","3882268","0.01"
"GLW","1/23/18","33.42","32.82","27640","-5.60","3.23","2630","0.47","3","107","-7.69","9.42","1.02","19.04","13.1","2.85","0.64","4110183","4.92"
"GM","2/6/18","42.82","46.76","57970","0.67","-21.14","34630","1.29","4","80","-12.75","2.15","-7.40","7.22","9.4","0.38","-1.06","9779353","2.76"
"GME","3/22/18","18.20","26.68","1860","-15.44","2.23","3110","2.01","3","21","-14.29","-11.99","-2.20","5.50","19.9","0.21","0.00","2471913","12.33"
"GNW","2/6/18","3.05","4.23","1680","172.22","-0.04","2160","0.20","3","96","-31.03","248.41","-9.09","3.80","13.6","0.18","0.00","4664154","4.8"
"GPRO","2/1/18","7.49","11.89","1140","47.41","-12.26","474.35","0.43","3","11","39.39","103.09","807.50","18.45","14.4","0.78","-4.09","3108340","5.24"
"GPS","2/22/18","33.17","35.24","12900","13.24","5.43","4670","0.58","3","53","3.47","3.96","3.77","16.13","24.4","0.85","0.43","3670178","0.72"
"GRMN","2/28/18","60.27","63.15","11150","2.74","1.36","872.46","0.75","3","229","10.58","2.47","2.11","20.11","27.5","3.65","0.00","1037476","13.06"
"GRPN","2/21/18","5.15","5.99","2970","24.29","-7.95","860.58","0.09","3","202","240.00","229.55","49.65","26.56","67.6","1.01","0.00","6564103","3.68"
"GS","1/17/18","253.29","262.14","96370","-0.03","-4.65","7790","5.08","3","38","8.30","17.15","9.07","12.28","24.8","2.98","0.54","2261513","2.23"
"HAL","1/22/18","50.50","58.78","38750","1058.33","38.60","5570","0.46","2","161","1055.55","5886.50","86.46","22.99","36.7","2.31","-0.72","6896939","3.11"
"HBAN","1/24/18","14.72","14.93","15610","7.50","3.11","1100","0.26","3","8","19.73","2.11","19.63","13.74","17.8","3.39","0.78","8093327","1.95"
"HD","2/20/18","189.01","191.49","212680","12.15","6.35","23620","1.62","3","40","10.41","14.28","12.60","25.51","18.4","2.21","0.77","4558690","2.9"
"HES","1/24/18","49.40","63.05","13560","-1.61","-8.03","1270","-1.03","3","42","0.93","6.48","23.88","N/A","58","2.74","-6.86","3645847","5.92"
"HIG","2/1/18","54.83","58.61","19700","-17.90","N/A","N/A","0.89","5","107","3.00","5.56","19.53","12.96","24.3","1.06","-9.78","2070704","2.28"
"HL","2/22/18","4.09","6.78","1520","-44.44","-2.26","160.53","0.02","1","169","-25.00","-68.75","225.00","26.09","36.7","2.91","0.00","4074975","2.12"
"HLF","2/22/18","68.83","79.64","6110","-4.00","4.23","1090","0.96","3","75","-3.23","-6.19","14.29","13.29","7.9","1.38","0.00","820064","12"
"HOG","1/30/18","50.04","63.40","8420","76.77","10.82","1030","0.48","2","80","18.29","-10.46","7.92","14.07","9.4","1.82","6.86","1489363","10.01"
"HON","1/26/18","152.44","156.70","115970","5.81","7.87","10770","1.84","3","100","9.04","7.58","9.10","19.84","28.3","2.93","0.02","2664305","3.71"
"HPQ","2/28/18","21.37","22.68","34120","9.47","5.49","13380","0.42","3","59","6.88","8.68","5.73","11.89","3.6","0.67","0.96","7658277","3.72"
"HSBC","2/20/18","52.15","52.44","203580","N/A","37.79","12380","N/A","3","106","N/A","195.19","12.87","14.86","15.4","4.34","0.00","1713351","2.43"
"HSY","2/2/18","111.64","116.49","23880","-9.06","0.29","1980","1.06","2","42","7.63","8.80","8.72","21.49","25.3","3.13","-1.32","699182","3.08"
"IBM","1/18/18","158.49","182.79","142570","3.09","0.78","21940","5.17","4","89","-10.42","1.39","0.89","11.10","72","1.82","0.23","3884392","2.71"
"IBN","1/30/18","9.85","9.93","30630","N/A","N/A","N/A","N/A","3","106","N/A","2.22","50.00","21.46","15.4","2.86","0.00","4011711","0.5"
"INTC","1/25/18","45.26","47.64","202460","8.96","-0.42","16300","0.86","3","4","10.61","19.51","1.00","14.27","23.4","3.53","-0.09","24892084","4.88"
"IP","2/1/18","60.56","59.84","22790","63.25","10.43","5940","1.19","3","165","66.67","4.73","24.31","13.70","10.6","1.09","0.28","1815576","0"
"JCI","2/7/18","38.96","44.70","34620","-2.20","1.40","7190","0.52","5","107","7.50","7.79","9.01","13.64","18.2","1.17","2.25","4755284","4.32"
"JCP","2/23/18","3.70","8.80","906.67","-35.00","-0.60","3940","0.42","3","21","-422.22","1.14","74.16","43.26","17.7","0.09","4.57","14671570","6.91"
"JD","3/1/18","43.51","48.99","57830","63.33","41.29","16329.999999999998","0.10","3","202","43.33","433.34","59.89","46.14","67.6","1.26","-18.37","13197434","2.69"
"JNJ","1/23/18","140.56","144.35","380550","8.99","11.63","20210","1.72","3","80","5.68","8.20","7.76","17.74","17.4","5.03","0.03","5112502","2.43"
"JNPR","1/30/18","28.81","30.96","10800","-21.80","-10.63","1240","0.52","4","100","-9.68","0.41","1.98","13.41","13.1","2.08","1.72","3143386","2.73"
"JOY","N/A","N/A","N/A","N/A","N/A","N/A","N/A","N/A","N/A","N/A","N/A","N/A","N/A","N/A","N/A","N/A","N/A","N/A","N/A"
"JPM","1/12/18","108.06","108.46","363140","-0.88","7.30","25080","1.70","3","32","17.17","11.75","11.10","14.05","16.5","3.35","-0.41","11877766","2.03"
"JWN","2/22/18","48.65","50.32","7490","-12.57","6.16","4580","1.20","3","53","-12.79","-7.74","-0.04","16.95","24.4","0.54","-0.09","1635491","7.23"
"KBH","1/10/18","33.64","32.48","2660","91.88","13.89","1360","0.77","3","165","84.45","57.71","23.00","14.82","16.5","0.67","1.63","1518343","5.25"
"KCG","N/A","N/A","N/A","N/A","N/A","N/A","N/A","N/A","N/A","N/A","N/A","N/A","N/A","N/A","N/A","N/A","N/A","N/A","N/A"
"KEY","1/18/18","20.24","20.58","20990","16.87","2.06","1590","0.36","2","32","10.55","18.14","14.55","13.43","16.5","3.2","-0.64","7351535","1.33"
"KGC","2/21/18","4.46","4.91","5060","190.00","-6.83","841.18","0.04","3","57","16.67","79.69","0.87","30.90","26.4","1.65","-25.93","7147652","0.01"
"KMI","1/17/18","18.96","23.01","39840","-6.77","-1.92","3320","0.18","3","185","3.53","-3.25","10.07","26.75","26.9","3.12","-0.27","12772213","3.9"
"KO","2/13/18","45.44","47.48","196120","3.90","-21.83","7360","0.38","3","224","5.58","-0.24","5.15","22.73","98.6","5.2","1.45","8757712","N/A"
"LEN","1/10/18","67.23","64.85","14380","11.66","7.17","3620","1.50","4","165","41.53","-6.87","32.17","13.40","16.5","1.25","0.92","2547643","0"
"LLY","1/30/18","85.14","89.09","95240","13.42","3.52","5960","1.08","3","80","8.16","19.58","10.50","18.21","17.4","4.15","0.23","3063343","3.36"
"LNC","1/31/18","77.58","78.74","16570","8.14","3.51","3640","1.91","3","96","-5.21","18.58","1.84","9.92","13.6","1.23","-2.04","1119235","0"
"LNG","2/27/18","55.27","54.83","11830","164.71","135.97","1350","0.22","5","69","-167.39","58.97","227.25","53.73","-8.3","2.94","77.27","2073329","8.09"
"LOW","3/7/18","92.01","93.55","71010","-0.09","-3.18","15280","0.86","3","40","14.70","12.98","13.18","20.32","18.4","1.1","-3.79","5496386","1.3"
"LULU","4/4/18","78.59","80.27","10120","21.64","11.50","880.81","1.22","1","34","17.86","15.75","15.49","32.17","-4.2","4.3","0.00","2043706","3.96"
"LVS","1/24/18","68.32","72.20","55770","20.97","3.56","3180","0.75","2","52","12.12","23.46","3.79","23.14","14.1","4.36","1.33","2271239","2.56"
"M","2/20/18","25.33","36.40","7550","21.36","0.18","8530","2.45","3","21","-14.58","9.14","-26.22","7.75","17.7","0.32","-0.47","9732447","4.14"
"MA","2/1/18","153.82","154.65","160840","30.01","18.28","3260","1.12","3","164","19.27","20.54","17.59","28.43","19.8","13.47","0.77","2549869","2.03"
"MBI","3/7/18","7.50","11.65","680.24","N/A","N/A","N/A","N/A","N/A","107","N/A","N/A","N/A","N/A","N/A","N/A","0.00","2278545","6.98"
"MCD","1/22/18","172.49","175.78","138020","10.07","-12.82","5260","1.59","2","229","4.68","14.47","6.75","24.87","21.2","5.87","0.06","2469974","1.97"
"MCO","2/16/18","148.70","153.86","28570","13.28","12.59","1060","1.39","2","169","5.31","23.32","9.83","22.43","20.8","7.02","-0.60","601534","0"
"MDLZ","2/6/18","42.58","47.23","63910","19.68","3.18","6990","0.56","3","192","11.95","10.36","11.07","17.83","58.6","2.47","1.93","8260746","1.7"
"MDT","2/20/18","83.92","89.72","110760","4.69","-1.21","7200","1.17","3","176","6.43","3.66","7.95","17.24","-24.1","3.75","-0.21","3957459","2.35"
"MET","2/7/18","50.50","55.91","55240","-17.93","-7.82","15860","1.11","3","107","-22.38","-3.76","7.80","10.54","24.3","0.85","-0.12","4469886","0"
"MGM","2/15/18","33.33","34.65","18590","-36.36","1.86","2510","0.07","3","52","-27.19","-9.84","21.30","25.11","14.1","1.75","0.00","6274563","0"
"MJN","N/A","N/A","N/A","N/A","N/A","N/A","N/A","N/A","N/A","N/A","N/A","N/A","N/A","N/A","N/A","N/A","N/A","N/A","N/A"
"MMM","1/23/18","235.63","244.23","141800","7.54","7.35","7870","2.02","3","100","9.72","11.48","7.96","23.99","28.3","4.53","0.00","1774299","0"
"MNKD","3/15/18","2.62","6.96","353.05","-52.63","-74.03","3.22","-0.29","4","160","-18.18","-294.83","13.27","N/A","-8.8","16.12","0.00","2834780","4.6"
"MO","2/7/18","70.48","77.79","136990","18.38","21.13","4820","0.81","4","239","13.36","8.38","8.60","19.84","13.8","5.25","-0.62","6427420","1.8"
"MON","1/4/18","118.00","122.80","51880","80.95","2.77","2720","0.38","3","249","5.02","4.29","10.77","20.49","20.7","3.54","0.00","2844281","0.75"
"MOS","2/6/18","26.41","34.36","8740","-1.92","0.89","1880","0.26","2","75","450.00","14.40","9.10","24.26","2.3","1.3","21.57","4904581","3.96"
"MRK","2/1/18","56.14","66.80","152600","5.49","3.04","10420","0.94","3","80","3.41","4.28","3.51","13.78","17.4","3.85","0.65","10330910","1.47"
"MRO","2/14/18","17.67","18.27","12850","101.11","-9.06","1260","0.00","3","42","203.57","61.62","95.54","N/A","58","3.09","-1,300.09","9829601","2.07"
"MRVL","3/1/18","22.89","24.22","10630","42.05","7.04","611.65","0.31","1","59","23.15","88.22","12.46","18.72","-50.7","4.6","-0.80","5115371","1.85"
"MS","1/16/18","52.33","54.25","95190","-3.50","1.67","9170","0.78","2","38","19.33","22.70","13.84","12.80","24.8","2.22","0.43","6709465","1.46"
"MSFT","1/25/18","86.35","87.50","653350","3.53","8.74","28340","0.86","3","202","7.76","2.21","10.98","25.41","56.3","7.05","2.41","19695364","2.26"
"MSI","2/1/18","89.86","95.30","14940","-0.08","3.23","1940","2.03","2","100","5.35","9.52","5.91","15.87","13.1","2.33","-1.40","954125","10.37"
"MT","2/9/18","34.91","34.08","31660","66.67","23.65","17470","0.80","3","183","N/A","170.31","-16.70","10.51","15.2","0.53","0.00","2730806","1.96"
"MTG","1/18/18","14.13","15.64","5450","-0.89","3.54","276.00","0.28","1","107","-1.61","22.47","3.92","11.32","24.3","4.98","-1.50","2584952","1.65"
"MU","3/22/18","44.98","49.89","48880","185.88","51.10","7020","2.57","1","1","54.22","98.13","-9.70","4.44","4.5","2.18","0.00","36450236","1.63"
"MYL","3/7/18","43.14","45.87","21460","-10.72","0.50","3280","1.40","3","218","24.73","-6.70","15.64","8.17","-26.6","1.94","-5.12","6159683","4.61"
"NBR","2/28/18","7.05","18.40","1600","-7.27","31.70","710.12","-0.32","3","107","49.74","13.01","53.89","N/A","-11.2","0.91","-4.10","9755414","0.05"
"NE","2/8/18","4.90","7.80","957.82","-119.39","-33.69","271.97","-0.33","3","107","-125.21","-2262.00","-24.54","N/A","-11.2","0.87","-1.29","6536665","5.61"
"NEM","2/20/18","37.84","39.63","19150","10.30","7.47","1920","0.36","1","57","24.00","-10.68","-10.29","29.58","26.4","2.83","-4.76","4408935","0.08"
"NFLX","1/22/18","205.05","201.65","82030","176.47","32.40","3280","0.41","3","235","41.95","192.88","83.37","87.06","16.1","7.99","-1.74","5249863","3.75"
"NKE","3/20/18","63.48","65.19","105280","-20.98","4.39","8800","0.54","3","96","14.36","-10.31","15.84","28.20","17.7","2.98","-3.66","8929042","3.34"
"NLY","2/21/18","11.46","12.73","14100","-2.22","N/A","N/A","0.29","3","178","-6.45","2.28","2.51","9.51","10.3","5.3","2.27","7140561","2.16"
"NOK","2/1/18","4.83","6.65","26920","-19.23","2.24","7320","0.11","3","100","33.33","38.54","-18.05","17.47","13.1","1.09","-14.29","11314736","1.91"
"NOV","2/5/18","37.85","41.90","12320","71.79","14.42","1940","-0.04","3","185","98.24","51.56","178.16","115.72","-34","1.99","-6.36","2593474","9.67"
"NQ","4/5/18","3.99","4.68","403.58","N/A","N/A","N/A","N/A","N/A","206","N/A","N/A","N/A","N/A","N/A","2.83","0.00","1049836","3.67"
"NTAP","2/21/18","57.07","58.99","15310","9.15","6.04","1490","0.90","1","32","14.86","21.11","8.50","16.81","16.5","2.63","0.00","2076192","5.99"
"NUE","1/30/18","67.39","66.55","18930","40.86","25.55","4970","0.70","4","183","3.60","43.10","21.88","15.14","15.2","1.11","-12.44","3028701","1.75"
"NVDA","2/8/18","212.47","199.50","113000","15.94","22.35","2660","1.15","1","4","13.46","62.99","11.41","47.59","23.4","13.46","1.93","9292266","1.01"
"ODP","3/7/18","3.50","6.26","1730","-31.82","-6.76","2540","0.08","3","28","12.50","-4.89","6.86","7.61","19","0.18","6.67","3645987","3.23"
"ORCL","3/21/18","47.71","53.14","209470","5.07","5.52","9790","0.73","3","202","1.56","7.39","7.76","15.85","56.3","4.96","-0.05","17133732","2.45"
"OXY","2/13/18","75.00","74.30","53990","334.18","26.54","3580","0.30","1","42","240.00","177.56","109.25","45.13","58","4.52","-18.70","3346387","1.98"
"P","N/A","4.97","13.70","1240","58.46","-4.50","374.93","-0.05","3","206","3.57","-25.49","59.38","N/A","-45.5","0.83","0.00","8415441","5.49"
"PBR","3/20/18","10.97","11.71","61830","53.97","18.64","25390","0.32","2","21","25.00","77.78","57.57","9.79","14.8","0.81","-5.67","12441586","0.24"
"PEP","2/13/18","117.75","120.57","167840","8.54","-0.33","19450","1.30","4","224","7.45","7.65","7.31","21.07","98.6","2.64","-0.38","3084372","2.54"
"PFE","1/30/18","36.71","37.35","217390","18.09","0.33","13670","0.56","3","80","-1.45","7.96","5.71","13.30","17.4","4.14","-0.90","13799274","3.49"
"PG","1/19/18","90.54","94.67","230860","5.65","2.78","17320","1.14","3","84","6.83","6.57","6.74","21.70","22.6","3.53","0.35","5630807","3.68"
"PHM","1/30/18","34.28","34.60","9720","25.54","11.84","2790","0.84","4","165","48.39","18.44","37.16","12.15","16.5","1.19","7.00","3508983","3.07"
"PLUG","3/8/18","2.42","3.21","530.05","25.00","10.20","35.90","-0.06","3","208","55.77","-113.33","72.27","N/A","16.4","4.19","16.67","2731812","6.1"
"PM","2/1/18","104.26","123.55","167250","23.48","19.75","8350","1.36","4","239","17.35","5.93","12.03","19.63","13.8","2.14","1.36","4077251","1.72"
"PNC","1/12/18","144.69","147.28","68030","12.18","7.80","4180","2.21","2","32","9.86","15.55","10.75","15.48","16.5","3.93","0.34","1573249","3.74"
"POT","N/A","20.65","N/A","N/A","N/A","N/A","N/A","N/A","N/A","N/A","N/A","N/A","N/A","N/A","N/A","N/A","N/A","N/A","2"
"PRU","2/14/18","115.49","118.17","48540","3.33","-9.01","12210","2.54","3","107","2.03","14.33","10.19","10.04","24.3","0.86","-0.18","1415176","2.2"
"PYPL","1/25/18","76.75","79.39","89250","23.94","21.68","3630","0.52","3","100","22.87","24.73","20.56","32.74","16.1","7.2","1.18","6087619","2.12"
"QCOM","1/24/18","65.94","69.28","95380","-24.01","-0.86","5950","0.90","3","100","-34.11","-16.15","7.20","18.17","13.1","4.33","-0.47","6633973","1.48"
"RAD","1/3/18","2.11","8.77","1910","-200.00","-4.37","7740","-0.02","3","75","N/A","-266.67","135.00","N/A","7.9","0.07","0.00","17078768","8.34"
"RCL","1/25/18","123.58","133.75","26050","-2.62","3.36","1970","1.20","3","206","13.94","21.60","15.39","14.11","45","2.97","0.46","1080832","2.43"
"RF","1/19/18","17.40","17.58","19620","14.13","5.14","1450","0.26","2","21","14.08","14.03","16.00","15.09","17.2","3.36","1.17","8320396","1.88"
"RIG","2/22/18","11.17","16.16","3720","-140.21","-33.83","644.50","-0.25","3","107","-2100.00","-119.52","-121.37","N/A","-11.2","1.29","10.52","9184775","6.25"
"RMBS","1/29/18","14.40","15.50","1610","20.83","3.70","101.17","0.19","3","100","-2.94","15.00","2.42","20.22","39.4","4.04","0.00","891664","6.79"
"RTN","1/25/18","188.30","192.41","54570","7.62","9.55","6830","2.02","3","163","7.17","0.75","8.38","22.59","-14.1","2.17","-0.16","1009113","0"
"S","1/30/18","5.90","9.65","22520","67.71","-3.99","8210","-0.04","3","224","70.54","92.65","-54.82","N/A","-36.7","0.72","43.23","15684400","5.09"
"SBUX","1/25/18","58.71","64.87","84940","9.62","7.36","6160","0.57","3","229","9.33","12.10","13.53","24.95","21.2","3.66","-0.88","7251694","2.29"
"SHLD","3/8/18","3.76","14.32","416.46","N/A","N/A","N/A","N/A","N/A","92","N/A","N/A","N/A","N/A","N/A","0.02","0.00","1230855","8.98"
"N/A","2/28/18","109.69","119.20","7120","27.78","55.18","486.36","0.81","4","96","N/A","95.14","59.96","24.12","42.3","5.56","0.00","673652","0.69"
"SIRI","2/1/18","5.20","5.89","26010","10.72","6.75","1390","0.04","4","235","0.00","24.17","8.05","25.89","16.1","4.5","1.61","19446148","12.35"
"SLB","1/19/18","71.33","87.84","86400","65.68","14.53","8140.000000000001","0.45","3","161","77.20","28.77","46.26","32.38","36.7","3.28","-2.98","8045281","2.06"
"SLM","1/17/18","11.30","13.20","4750","23.33","20.72","296.28","0.19","3","107","1.59","35.85","19.79","13.15","9.5","3.6","0.00","2660341","5.35"
"SLW","N/A","N/A","N/A","N/A","N/A","N/A","N/A","N/A","N/A","N/A","N/A","N/A","N/A","N/A","N/A","N/A","N/A","N/A","N/A"
"SO","2/28/18","46.90","53.51","51710","94.45","N/A","N/A","0.47","3","218","8.33","2.25","1.91","15.66","18.7","2.1","-1.43","5183675","5.32"
"SPG","1/30/18","171.62","188.10","105970","89.90","0.46","1430","3.11","3","228","87.84","79.30","8.46","14.19","17.3","19.92","0.24","1519766","8.69"
"SPWR","2/21/18","8.83","11.70","1250","125.00","-23.63","838.00","0.16","3","16","78.70","2.17","96.67","N/A","8.5","0.56","-68.75","2625365","3.9"
"SRPT","2/27/18","58.52","58.47","3470","77.50","929.21","55.78","-0.36","3","160","57.53","84.89","-17.01","N/A","-8.8","36.65","26.88","1342242","5.09"
"STI","1/19/18","65.67","66.62","30490","17.43","6.60","2300","1.06","2","32","14.51","14.53","10.20","14.48","16.5","3.23","0.61","3574101","0"
"STT","1/23/18","97.42","100.90","36330","14.45","17.58","2970","1.69","2","32","23.76","18.67","12.39","13.76","16.5","3.2","-0.11","1291632","2.39"
"STX","1/23/18","42.85","50.96","12130","-16.67","-5.40","2740","1.15","2","32","-7.73","-3.03","7.63","10.75","16.5","1.17","-1.74","3228349","7.28"
"SU","2/14/18","37.65","37.48","56610","46.90","5.68","6450","0.43","3","107","-37.84","1784.38","-10.65","31.10","18.8","2.6","38.50","2229820","2.15"
"SWN","2/22/18","5.91","10.45","2710","69.31","25.27","856.82","0.14","3","69","61.11","4500.00","92.61","6.97","-8.3","0.98","-16.94","18416622","2.38"
"SYMC","2/7/18","28.91","34.20","17820","37.05","21.50","1260","0.44","3","202","77.38","42.31","13.99","17.22","56.3","3.92","-1.95","4372432","4.08"
"T","1/31/18","37.65","43.00","231690","-1.36","-1.61","41170","0.65","4","224","1.11","2.87","1.20","13.04","-36.7","1.47","1.38","25792604","4.86"
"TECK","2/21/18","26.61","26.99","13360","-28.93","-13.82","2300","0.86","3","161","13.64","150.15","-23.92","9.90","-3.6","1.63","12.02","3433834","2.79"
"TEVA","2/12/18","19.13","38.31","17580","-39.76","-18.20","5310","0.83","3","218","-29.25","-24.88","-20.46","6.22","-26.6","0.83","1.25","26158916","3.33"
"TGT","2/27/18","67.17","74.24","33670","-17.17","6.31","22000","1.20","3","92","-7.23","-9.68","-6.52","14.95","18.5","0.53","2.96","5024215","7.48"
"TIF","3/16/18","107.03","106.59","12350","4.83","3.39","1270","1.52","3","42","6.22","6.28","8.07","26.70","22","3.25","0.66","1177372","4.63"
"TM","2/5/18","130.13","128.44","186770","-0.68","2.85","66790","2.90","2","104","15.95","7.94","0.75","10.72","10.6","0.74","0.00","106561","0"
"TMUS","2/13/18","63.61","68.88","52050","-26.05","6.60","10850","0.33","3","224","30.62","56.84","13.73","23.31","-36.7","1.33","17.20","3495825","4.27"
"TSLA","2/28/18","317.25","389.61","56790","-323.39","47.25","3360","-2.92","3","80","-63.91","-202.74","58.52","N/A","9.4","5.01","32.22","4973007","4.7"
"TSO","N/A","N/A","N/A","N/A","N/A","N/A","N/A","N/A","N/A","N/A","N/A","N/A","N/A","N/A","N/A","N/A","N/A","N/A","N/A"
"TWLO","2/6/18","25.69","34.95","2340","N/A","26.30","103.51","-0.06","4","100","-30.00","-41.41","53.59","N/A","16.1","6.38","14.89","1523334","8.29"
"TWTR","2/8/18","24.45","25.56","16760","-9.38","-3.76","690.26","0.15","3","100","-18.18","-29.42","10.53","55.12","16.1","7.5","-6.90","17385502","1.55"
"TWX","2/14/18","91.50","103.90","69800","15.90","7.38","8470","1.45","3","107","4.82","5.80","4.32","14.21","-4.2","2.34","0.00","4714540","1.23"
"TXN","1/23/18","108.43","105.62","98800","23.69","9.51","3740","1.09","2","4","17.67","30.54","4.75","23.11","23.4","7.11","0.75","4246714","2.52"
"TXT","1/31/18","57.63","57.71","14320","-4.46","5.64","4040","0.76","4","236","14.13","-5.67","13.40","20.45","18.2","1.08","0.00","1034183","3.71"
"UAA","1/30/18","15.72","31.06","6100","-97.10","-0.14","1310","0.01","3","34","-269.23","-66.15","11.53","68.65","-4.2","1.35","49.99","5209296","N/A"
"UAL","1/23/18","68.49","83.04","18700","-43.70","2.20","9250","1.00","3","84","-52.00","-26.47","-0.98","10.95","11.7","0.55","3.37","3388183","1.75"
"UNH","1/16/18","223.48","231.77","214420","18.53","8.42","51520","2.50","3","11","6.03","24.11","8.19","20.46","-0.2","1.09","0.56","2353266","2.51"
"UNP","1/25/18","136.52","136.32","101680","10.50","4.05","5380","1.54","4","107","8.52","14.07","11.53","21.05","20.7","5.1","-1.91","4230804","2.71"
"UPS","1/30/18","126.41","125.16","100680","2.29","7.36","18180","1.67","3","247","5.93","4.44","7.43","19.17","-15.7","1.67","-0.84","2557599","3.01"
"USB","1/17/18","54.56","56.61","89860","6.32","4.02","5600","0.87","3","32","6.71","5.67","8.67","14.52","16.5","3.8","-0.21","4447644","2.4"
"UTX","1/24/18","130.02","128.88","98830","0.21","4.98","15390","1.56","3","100","-1.01","0.06","3.72","18.68","28.3","1.74","-0.53","2763109","4.19"
"V","2/1/18","115.65","115.08","233930","12.94","7.60","4800","0.97","3","164","10.80","16.94","16.14","28.14","19.8","12.92","-0.39","7025270","0"
"VALE","2/22/18","12.87","12.80","56820","-57.08","N/A","N/A","0.23","3","107","-58.54","25.78","-7.52","11.44","10.2","1.93","16.48","18383494","3.47"
"VIAV","1/30/18","8.98","11.89","1970","-28.00","-9.54","186.80","0.07","3","107","4.44","-4.00","27.08","23.33","13.1","2.56","0.00","1845187","4.12"
"VLO","2/1/18","93.29","93.18","38280","52.16","9.50","22680","1.23","3","168","77.35","34.27","29.71","14.32","2.8","0.46","0.00","2683122","4.66"
"VOD","N/A","31.99","32.24","83410","N/A","N/A","N/A","N/A","1","192","N/A","N/A","N/A","25.03","N/A","N/A","0.00","2119698","3.48"
"VRSN","2/8/18","110.90","118.28","11250","5.07","3.03","294.95","0.97","3","202","5.21","9.97","6.47","25.90","-4.3","9.34","0.00","722428","17.82"
"VRX","2/27/18","23.01","22.81","6860","-23.02","-10.00","2160","0.97","3","107","-69.11","-29.67","-8.69","6.20","-8","0.85","-15.46","21645496","2.29"
"VVUS","3/14/18","0.53","1.38","58.27","-124.07","N/A","N/A","-0.13","3","160","-1000.00","-245.45","N/A","N/A","-8.8","0.41","0.00","833362","6.63"
"VZ","1/23/18","52.42","54.83","213520","2.57","2.65","33200","0.88","3","224","0.84","-2.33","2.70","13.83","-36.7","1.76","-0.43","13034996","1.9"
"WBA","1/4/18","75.51","88.00","69680","15.13","6.41","30330","1.27","2","75","9.49","8.59","9.24","13.53","7.9","0.63","3.97","5104707","N/A"
"WDC","1/24/18","82.67","95.77","24440","63.85","8.07","5280","3.77","1","32","28.79","45.59","-9.03","6.08","16.5","1.23","1.31","3416071","2.59"
"WFC","1/12/18","61.56","62.24","291610","2.14","3.23","22280","1.05","3","32","-0.67","-1.72","9.55","13.98","16.5","3.13","2.03","16811246","0.16"
"WFM","N/A","N/A","N/A","N/A","N/A","N/A","N/A","N/A","N/A","N/A","N/A","N/A","N/A","N/A","N/A","N/A","N/A","N/A","N/A"
"WFT","2/7/18","3.67","7.09","3320","36.72","6.32","1490","-0.20","4","185","48.26","21.00","55.09","N/A","-34","0.61","0.00","18823712","5.92"
"WHR","1/25/18","168.84","202.99","11780","-7.39","3.18","5840","4.01","4","226","31.60","-2.72","12.40","10.93","27.1","0.57","-1.50","608607","3.05"
"WIN","3/7/18","1.87","8.35","395.07","24.93","13.70","1490","-0.38","3","224","44.94","-122.65","37.56","N/A","-36.7","0.06","5.97","2893552","8.09"
"WLL","2/20/18","27.99","53.48","2029.9999999999998","67.65","20.86","414.19","-0.36","3","69","63.75","73.57","41.58","N/A","-8.3","1.84","7.54","4228859","2.68"
"WMB","2/21/18","32.00","32.69","24540","16.18","-1.88","2160","0.20","4","185","44.64","40.00","2.68","36.10","26.9","3.22","21.52","4833005","2.33"
"WMT","2/20/18","99.45","100.13","287690","4.75","3.07","134950","1.36","2","53","6.86","2.58","6.34","22.25","20","0.59","0.79","7533055","0"
"WYNN","1/25/18","162.52","171.06","16960","168.34","18.09","1540","1.34","2","52","26.07","58.01","21.74","25.19","14.1","2.85","2.11","1195087","N/A"
"X","1/30/18","37.49","41.83","5550","131.94","15.56","3060","0.63","3","183","187.95","211.69","47.03","14.24","15.2","0.56","-7.39","8960486","1.64"
"XL","2/7/18","34.44","47.27","8990","0.00","2.45","2730","0.47","5","92","83.00","-220.25","285.63","9.35","-28.5","0.77","0.00","1757453","0"
"XLNX","1/24/18","69.24","75.14","17080","21.85","7.57","630.02","0.63","3","107","20.00","11.79","9.96","26.17","26.2","7.01","0.22","1618488","3.19"
"XOM","1/30/18","86.70","91.12","351260","12.70","19.62","72990","1.01","3","20","20.71","54.60","14.63","20.25","23","1.42","-1.16","9816818","3.79"
"XRX","1/30/18","29.33","34.13","7460","-6.00","-3.26","2640","0.94","3","178","18.33","-4.12","-2.07","8.89","23.7","0.73","0.00","1793943","2.2"
"YHOO","N/A","N/A","N/A","N/A","N/A","N/A","N/A","N/A","N/A","N/A","N/A","N/A","N/A","N/A","N/A","N/A","N/A","N/A","N/A"
"YRCW","2/5/18","14.71","15.79","466.58","121.74","6.22","1220","0.05","3","59","87.14","-93.08","3137.11","10.29","42","0.1","0.00","431865","2.91"
"YUM","2/8/18","81.53","84.29","27650","0.76","-20.58","1610","0.80","3","229","3.59","14.69","13.23","25.65","21.2","4.35","-2.43","1393003","2.62"
"ZION","1/22/18","50.64","52.20","9830","22.95","10.13","670.35","0.74","2","13","16.80","40.83","12.98","16.01","18.1","3.8","-1.31","1766246","7.69"
"ZNGA","2/8/18","4.02","4.34","3480","214.29","6.39","214.40","0.02","1","52","N/A","564.29","36.92","30.83","14.1","4.17","0.00","6843547","1.7"
